"1","0","AX9008","12.jpg","适合两岁宝宝的婴儿车","8000","6630","婴儿车","","H&M","2016/6/2 11:31:31","0","L","1","1","这是一款带有未来设计感的婴儿车","","100","1"
"2","0","","1.jpg","适合三岁宝宝的玩具","11000","12485","玩具","","LV","2016/6/4 00:00:00","0","XL","1","1","结实，耐折腾","","150","1"
"3","0","","2.jpg","遥控车","20000","30000","玩具","","T&R","2016/6/3 00:00:00","0","L","1","1","玩具遥控车","","20","1"
"4","0","","main-new1.png","H&M","6690","10000","服饰鞋帽","","M&D","2016/6/5 00:00:00","0","S","1","1","简约，奢华","","10","1"
"5","0","","main-new2.png","CARDING","28000","35000","服饰鞋帽","","T&R","2016/6/6 23:08:18","0","L","1","1","结实，耐折腾","","200","1"
"6","0","","13.jpg","板凳","27000","28000","安全座椅","","T&R","2016/6/20 23:08:21","0","L","1","1","结实，耐折腾","","25","1"
"7","0","","13.jpg","沙发","13000","15000","安全座椅","","T&R","2016/6/21 23:08:23","0","S","1","1","结实，耐折腾","","30","0"
"8","0","","13.jpg","轮椅","20000","24000","安全座椅","","T&R","2016/6/20 23:08:26","0","L","1","1","结实，耐折腾","","35","1"
"9","0","","14.jpg","笔记本","42000","46000","图片绘本","","T&R","2016/6/14 23:08:29","0","L","1","1","结实，耐折腾","","50","1"
"10","0","","14.jpg","画板","25000","28000","图片绘本","","T&R","2016/6/6 23:08:33","0","S","1","1","结实，耐折腾","","80","1"
"11","0","","15.jpg","棉签","800","800","日常","","爱玛丽","2016/6/30 16:02:16","0","S","1","1","方便，实用","","20","1"
"12","0","","16.jpg","奶瓶","3500","3500","生活","","BOBO","2016/6/30 16:03:47","0","M","1","1","结实好用","、","30","1"
"13","0","","17.jpg","奶粉","28000","28000","婴儿食用","","Enfamil","2016/6/30 16:05:22","","L","1","1","安全有营养","","35","1"
"14","0","","18.jpg","抽纸","950","950","日常","","花王","2016/6/30 16:06:30","","L","1","1","卫生","","15","1"
"15","0","","19.jpg","洗浴套","13000","13000","洗浴","","屈臣氏","2016/6/30 16:07:31","","L","1","1","家庭套","","10","1"
"16","0","","20.jps","尿不湿","2300","2300","日常","","帮宝适","2016/6/30 16:08:44","","M","1","1","方便好用","","15","1"
"17","0","","21.jpg","奶嘴","1300","1300","日常","","花王","2016/6/30 16:09:33","","S","1","1","材质好","","8","1"
"18","0","","22.jpg","浴巾","4900","4900","日常","","竹纤维","2016/6/30 16:10:42","","M","1","1","安全优质","","35","1"
"19","0","","23.jpg","背带裤","8900","8900","衣物","","七波辉","2016/6/30 16:11:38","","M","1","1","好看舒适","","80","1"
"20","0","","24.jpg","玩具","1300","1300","日常","","轨迹","2016/6/30 16:12:33","","S","1","1","耐久","","15","1"
"21","0","","25.jpg","洗手液","2800","2800","洗浴","","好娃娃","2016/6/30 16:13:32","","L","1","1","经用且环保","","18","1"
"22","0","","26.jpg","被子","28000","28000","衣物被子","","BinBe","2016/6/30 16:14:40","","M","1","1","质地好","","200","1"
